Ticker,Close,RSI,MACD_Hist,EMA_Cross,PE_Ratio,ROE,Return_3d,Price_vs_EMA20,Volatility_10d,Sector,Last_Updated
RELIANCE.NS,1197.6,31.76,-4.5819,0,21.71,,-0.0404,-0.044,0.014,Energy,2026-09-28
TCS.NS,2070.7,31.01,-12.9788,0,15.05,0.4774,-0.009,-0.0481,0.0176,Technology,2026-09-28
HDFCBANK.NS,719.05,47.51,2.9349,0,15.72,0.1384,-0.0247,-0.0056,0.0141,Financial Services,2026-09-28
INFY.NS,1003.2,31.11,-4.9762,0,12.94,0.32,-0.017,-0.0478,0.0155,Technology,2026-09-28
ICICIBANK.NS,1302.0,24.0,-6.0012,0,16.83,0.1607,-0.0284,-0.0444,0.0088,Financial Services,2026-09-28
HINDUNILVR.NS,1896.0,34.52,1.8389,0,42.06,,-0.0277,-0.0296,0.0113,Consumer Defensive,2026-09-28
SBIN.NS,962.0,33.73,-1.5654,0,10.29,0.1518,-0.0323,-0.0363,0.0155,Financial Services,2026-09-28
BHARTIARTL.NS,1771.4,36.35,-4.309,0,37.02,0.2015,-0.0337,-0.0349,0.0171,Communication Services,2026-09-28
ITC.NS,265.2,47.41,1.2212,0,16.74,,-0.0183,-0.0032,0.0139,Consumer Defensive,2026-09-28
KOTAKBANK.NS,401.55,40.31,-2.5971,1,19.68,,-0.0283,-0.0228,0.0109,Financial Services,2026-09-28
LT.NS,3766.4,35.35,-7.9514,0,31.24,,-0.0416,-0.0352,0.0154,Industrials,2026-09-28
AXISBANK.NS,1209.9,41.98,-3.8702,0,13.61,0.1335,-0.0268,-0.0221,0.0207,Financial Services,2026-09-28
ASIANPAINT.NS,2420.0,36.81,2.9431,0,48.78,,-0.0143,-0.0242,0.0159,Basic Materials,2026-09-28
MARUTI.NS,12008.0,28.85,-1.6221,0,26.33,,-0.0182,-0.0356,0.0114,Consumer Cyclical,2026-09-28
SUNPHARMA.NS,1838.0,40.97,-0.0173,0,36.48,,-0.0145,-0.0157,0.011,Healthcare,2026-09-28
TITAN.NS,4819.5,40.88,-16.6243,1,74.19,,-0.0124,-0.0206,0.015,Consumer Cyclical,2026-09-28
ULTRACEMCO.NS,11025.0,44.83,36.0074,0,38.01,,-0.0117,-0.008,0.0148,Basic Materials,2026-09-28
BAJFINANCE.NS,985.0,38.18,-3.9086,0,30.21,,-0.0558,-0.041,0.027,Financial Services,2026-09-28
WIPRO.NS,161.56,30.47,-0.3357,0,12.82,0.1613,-0.0203,-0.0413,0.0109,Technology,2026-09-28
ONGC.NS,230.0,40.29,0.1018,0,6.65,,-0.0291,-0.0214,0.0133,Energy,2026-09-28
NTPC.NS,321.1,35.33,-0.3225,0,9.8,,-0.015,-0.0228,0.0097,Utilities,2026-09-28
POWERGRID.NS,261.85,42.32,0.2391,0,12.82,,-0.0309,-0.0192,0.0175,Utilities,2026-09-28
TECHM.NS,1542.2,44.24,-0.85,1,26.64,,-0.0095,-0.0115,0.0116,Technology,2026-09-28
HCLTECH.NS,1252.6,46.07,0.9807,0,19.49,0.2407,-0.0033,-0.0093,0.0169,Technology,2026-09-28
M&M.NS,2995.0,31.64,-4.7479,0,18.24,,-0.0132,-0.0352,0.0131,Consumer Cyclical,2026-09-28
TATASTEEL.NS,186.3,50.25,0.3832,0,21.1,,-0.0237,0.0008,0.0154,Basic Materials,2026-09-28
JSWSTEEL.NS,1264.1,45.42,-0.8508,0,12.47,,-0.026,-0.0117,0.0166,Basic Materials,2026-09-28
ADANIENT.NS,2831.1,37.59,-12.0576,0,49.27,,-0.0542,-0.0447,0.0224,Energy,2026-09-28
ADANIPORTS.NS,1743.7,49.52,2.1343,1,29.73,,-0.0352,-0.0056,0.0226,Industrials,2026-09-28
COALINDIA.NS,422.5,54.55,0.1425,1,8.36,,-0.0048,0.0086,0.0158,Energy,2026-09-28
BAJAJFINSV.NS,1752.0,26.22,-14.461,0,27.71,,-0.0512,-0.0618,0.0183,Financial Services,2026-09-28
DRREDDY.NS,1221.0,63.65,7.5572,0,30.72,0.0884,0.0081,0.0312,0.0138,Healthcare,2026-09-28
CIPLA.NS,1383.7,45.8,4.1007,0,33.17,,0.0005,-0.0048,0.0094,Healthcare,2026-09-28
EICHERMOT.NS,7213.5,26.5,-30.455,0,34.27,,-0.0343,-0.0437,0.0097,Consumer Cyclical,2026-09-28
GRASIM.NS,3150.0,41.49,-11.2301,1,37.54,,-0.0121,-0.0201,0.0154,Basic Materials,2026-09-28
HINDALCO.NS,955.9,38.63,-2.267,0,12.98,,-0.0477,-0.0348,0.0178,Basic Materials,2026-09-28
NESTLEIND.NS,1346.0,36.43,-0.9427,0,68.12,,-0.0297,-0.0308,0.0151,Consumer Defensive,2026-09-28
SBILIFE.NS,1728.1,46.58,7.2338,0,66.57,0.137,-0.0181,-0.0062,0.0193,Financial Services,2026-09-28
HDFCLIFE.NS,531.6,45.77,-0.0,0,58.23,0.1083,-0.0533,-0.0157,0.0302,Financial Services,2026-09-28
APOLLOHOSP.NS,8860.0,50.98,7.4851,1,61.15,,-0.023,0.0011,0.0144,Healthcare,2026-09-28
BAJAJ-AUTO.NS,11024.0,34.09,-80.159,1,26.2,,-0.033,-0.0409,0.0126,Consumer Cyclical,2026-09-28
TATACONSUM.NS,960.0,30.59,-0.4613,0,58.64,,-0.0345,-0.042,0.0135,Consumer Defensive,2026-09-28
ETERNAL.NS,330.95,55.86,0.3987,1,704.15,,-0.0341,0.0081,0.0176,Consumer Cyclical,2026-09-28
TRENT.NS,2626.0,26.59,-11.2589,0,77.46,,-0.0534,-0.0563,0.0147,Consumer Cyclical,2026-09-28
JIOFIN.NS,220.5,29.43,-0.2357,0,68.48,,-0.0502,-0.0458,0.0146,Financial Services,2026-09-28
MAXHEALTH.NS,1000.1,40.26,-0.7718,0,67.08,,-0.0564,-0.0298,0.0145,Healthcare,2026-09-28
INDIGO.NS,4874.5,42.05,8.2463,0,,,-0.0306,-0.0192,0.0205,Industrials,2026-09-28
BEL.NS,385.5,37.14,-1.0151,0,46.0,,-0.0266,-0.0306,0.0212,Industrials,2026-09-28
SHRIRAMFIN.NS,976.3,33.59,-1.9268,0,17.23,0.185,-0.0341,-0.0423,0.0192,Financial Services,2026-09-28
TMPV.NS,281.75,26.44,-0.9633,0,,,-0.0624,-0.0697,0.0222,Consumer Cyclical,2026-09-28
